modelo,balanceo,precision,recall,f1,auc,accuracy
Decision Tree,ADASYN,0.3694,0.7339,0.4882,0.789,0.7067
Decision Tree,SMOTE,0.3832,0.7015,0.4954,0.7958,0.7285
Decision Tree,class_weight,0.3723,0.7783,0.5032,0.8047,0.7088
Decision Tree,sin_balanceo,0.5518,0.3219,0.4053,0.8093,0.8216
KNN,ADASYN,0.3542,0.8903,0.5064,0.8404,0.67
KNN,SMOTE,0.3789,0.8481,0.5235,0.8433,0.7063
KNN,sin_balanceo,0.6262,0.332,0.4329,0.8445,0.8357
Naive Bayes,ADASYN,0.2991,0.7949,0.4346,0.7597,0.6073
Naive Bayes,SMOTE,0.3067,0.7691,0.4385,0.7585,0.6263
Naive Bayes,class_weight,0.3103,0.778,0.4436,0.7645,0.6297
Naive Bayes,sin_balanceo,0.377,0.673,0.483,0.7645,0.7263
Random Forest,ADASYN,0.5077,0.6547,0.5709,0.8557,0.813
Random Forest,SMOTE,0.5217,0.615,0.5636,0.8572,0.8191
Random Forest,class_weight,0.6365,0.4077,0.4876,0.8594,0.8413
Random Forest,sin_balanceo,0.6665,0.3536,0.4608,0.855,0.8435
Regresión Logística (L1/L2),ADASYN,0.3854,0.8253,0.5253,0.8261,0.7165
Regresión Logística (L1/L2),SMOTE,0.4077,0.7859,0.5368,0.8268,0.7422
Regresión Logística (L1/L2),class_weight,0.4062,0.7884,0.536,0.8281,0.7406
Regresión Logística (L1/L2),sin_balanceo,0.5712,0.2909,0.3846,0.8283,0.8235
SVM,ADASYN,0.3855,0.8414,0.5286,0.8406,0.7149
SVM,SMOTE,0.4101,0.7966,0.5412,0.8423,0.7434
SVM,class_weight,0.4123,0.8176,0.5479,0.846,0.7435
SVM,sin_balanceo,0.5744,0.2134,0.3023,0.8235,0.8309
XGBoost,ADASYN,0.4957,0.6579,0.5621,0.8541,0.8058
XGBoost,SMOTE,0.5138,0.6224,0.5604,0.8554,0.8147
XGBoost,class_weight,0.5027,0.6363,0.5587,0.8542,0.8091
XGBoost,sin_balanceo,0.4801,0.288,0.3595,0.8532,0.8342
