modelo,balanceo,optimizador,auc,f1,recall,precision,accuracy,auc_std,f1_std,recall_std,precision_std,accuracy_std,score_interno,n_evaluaciones,tiempo_fold_s
Random Forest,ADASYN,Random Search,0.8548,0.5751,0.671,0.5043,0.8117,0.0177,0.0368,0.0467,0.0385,0.0213,0.8494,40.0,430.5756
Random Forest,ADASYN,Genético,0.8549,0.5728,0.6601,0.5073,0.8124,0.0175,0.0309,0.0245,0.0433,0.0233,0.8495,40.0,400.3476
Random Forest,ADASYN,Bayesiano,0.8557,0.568,0.6582,0.5018,0.81,0.0172,0.0355,0.0563,0.0401,0.0215,0.8498,40.0,429.482
Random Forest,ADASYN,Grid Search,0.8575,0.5676,0.6294,0.5176,0.8179,0.0177,0.0251,0.0268,0.032,0.0151,0.8485,24.0,221.7038
XGBoost,ADASYN,Genético,0.8545,0.566,0.6671,0.4955,0.8071,0.0168,0.0263,0.0846,0.0194,0.0103,0.8485,40.0,318.1332
Random Forest,SMOTE,Grid Search,0.8581,0.566,0.6016,0.5353,0.825,0.0157,0.0219,0.032,0.0259,0.0111,0.8512,24.0,218.723
XGBoost,SMOTE,Genético,0.8568,0.5657,0.5997,0.5404,0.8261,0.0152,0.0287,0.0735,0.0341,0.0127,0.8502,40.0,386.0138
XGBoost,ADASYN,Random Search,0.8549,0.5656,0.6492,0.502,0.8109,0.0209,0.0381,0.053,0.0358,0.0183,0.8487,40.0,231.112
Random Forest,SMOTE,Random Search,0.8563,0.5648,0.6284,0.514,0.816,0.0146,0.0278,0.0312,0.0359,0.0176,0.8514,40.0,426.0488
Random Forest,SMOTE,Genético,0.8568,0.5622,0.6185,0.5173,0.8169,0.0154,0.0282,0.0346,0.0411,0.0192,0.852,40.0,344.9796
Random Forest,SMOTE,Bayesiano,0.8575,0.5613,0.6115,0.5203,0.8186,0.0156,0.0254,0.0376,0.034,0.0148,0.852,40.0,415.3162
XGBoost,SMOTE,Random Search,0.8562,0.5602,0.6175,0.5131,0.8158,0.0157,0.0227,0.014,0.0306,0.0143,0.8507,40.0,131.5072
XGBoost,class_weight,Random Search,0.8552,0.5594,0.6571,0.4925,0.8028,0.0155,0.0294,0.0616,0.053,0.0294,0.8509,40.0,109.1804
XGBoost,class_weight,Bayesiano,0.8575,0.5592,0.6135,0.517,0.8169,0.0128,0.0259,0.0592,0.0333,0.0133,0.8523,40.0,191.2492
XGBoost,SMOTE,Bayesiano,0.8578,0.5548,0.5917,0.5241,0.8195,0.0162,0.0187,0.0273,0.0355,0.0157,0.852,40.0,374.8674
XGBoost,ADASYN,Bayesiano,0.8565,0.5534,0.5907,0.5242,0.8188,0.0189,0.034,0.05,0.0486,0.0221,0.8499,40.0,371.6104
Random Forest,class_weight,Random Search,0.8591,0.5193,0.454,0.613,0.8421,0.0138,0.0496,0.0718,0.0228,0.0085,0.8531,40.0,218.5448
Random Forest,class_weight,Genético,0.8579,0.5018,0.4532,0.6097,0.8365,0.0128,0.0686,0.1569,0.0623,0.0062,0.853,40.0,234.4036
XGBoost,sin_balanceo,Genético,0.8545,0.4834,0.3895,0.6376,0.8421,0.0146,0.0301,0.0248,0.0439,0.0098,0.8508,40.0,125.199
Random Forest,class_weight,Bayesiano,0.8602,0.4799,0.3846,0.6534,0.8438,0.0146,0.0508,0.0715,0.0375,0.0066,0.8536,40.0,261.2096
XGBoost,sin_balanceo,Bayesiano,0.8555,0.479,0.3846,0.6369,0.8415,0.0157,0.0324,0.0333,0.0386,0.009,0.8522,40.0,98.541
Random Forest,sin_balanceo,Grid Search,0.8555,0.4676,0.3618,0.6672,0.8442,0.0166,0.0336,0.0384,0.0505,0.009,0.8493,24.0,113.2682
Random Forest,sin_balanceo,Genético,0.8548,0.4655,0.3579,0.6694,0.8445,0.0168,0.0435,0.0431,0.0504,0.0111,0.8501,40.0,205.7354
Random Forest,sin_balanceo,Bayesiano,0.8546,0.4604,0.3519,0.6686,0.8438,0.0172,0.0288,0.0295,0.0392,0.0076,0.8505,40.0,239.9552
Random Forest,sin_balanceo,Random Search,0.855,0.4498,0.343,0.6608,0.8415,0.016,0.0377,0.0423,0.0438,0.0079,0.8498,40.0,220.2466
Random Forest,class_weight,Grid Search,0.8605,0.4494,0.339,0.67,0.8429,0.0152,0.0316,0.0342,0.0282,0.0062,0.8532,24.0,117.6196
